Kata Kunci,Kategori,Prioritas,Rekomendasi Penempatan
jasa pembayaran ChatGPT,Primary,Tinggi,"Homepage, Landing Page"
jasa bayar Claude AI,Primary,Tinggi,Landing Page Khusus
jasa pembayaran Cursor,Primary,Tinggi,Landing Page AI Coding
jasa bayar AI tanpa kartu kredit,Primary,Tinggi,"Homepage, Meta Description"
jasa pembayaran platform AI Indonesia,Primary,Tinggi,Homepage
jasa bayar subscription AI,Primary,Tinggi,Homepage
bayar ChatGPT Plus tanpa kartu kredit,Primary,Tinggi,"Blog, FAQ"
bayar Claude Pro Indonesia,Primary,Tinggi,Landing Page
jasa pembayaran internasional,Primary,Sedang,Homepage
jasa bayar tools AI,Primary,Tinggi,Homepage
jasa bayar ChatGPT Plus,Produk,Tinggi,Landing Page ChatGPT
jasa bayar ChatGPT Go,Produk,Sedang,Landing Page ChatGPT
jasa bayar ChatGPT Pro,Produk,Sedang,Landing Page ChatGPT
jasa pembayaran Claude API,Produk,Tinggi,Landing Page Claude
jasa bayar Cursor Pro,Produk,Tinggi,Landing Page AI Coding
jasa pembayaran GitHub Copilot,Produk,Tinggi,Landing Page AI Coding
jasa bayar Perplexity AI,Produk,Sedang,Landing Page Perplexity
jasa pembayaran OpenAI API,Produk,Tinggi,Landing Page API
jasa bayar Midjourney,Produk,Sedang,Landing Page AI Image
jasa pembayaran DeepSeek,Produk,Sedang,Landing Page DeepSeek
jasa bayar Google AI Pro,Produk,Sedang,Landing Page Google AI
jasa bayar Gemini Pro,Produk,Sedang,Landing Page Google AI
cara bayar ChatGPT tanpa kartu kredit Indonesia,Long-tail,Tinggi,Blog/Artikel
cara langganan Claude Pro tanpa kartu kredit,Long-tail,Tinggi,Blog/Artikel
bayar subscription AI pakai transfer bank,Long-tail,Sedang,"Blog, FAQ"
jasa bayar AI tools pakai QRIS,Long-tail,Sedang,"Blog, FAQ"
langganan ChatGPT Plus pakai e-wallet,Long-tail,Tinggi,Blog/Artikel
cara upgrade ChatGPT tanpa kartu kredit,Long-tail,Tinggi,Blog/Artikel
bayar Cursor AI pakai Dana OVO GoPay,Long-tail,Sedang,Blog/FAQ
jasa bayar AI coding tools Indonesia,Long-tail,Tinggi,Landing Page AI Coding
cara langganan AI tools tanpa kartu kredit,Informasional,Tinggi,Blog/Artikel
harga ChatGPT Plus Indonesia,Informasional,Tinggi,Halaman Harga
harga Claude Pro Rupiah,Informasional,Tinggi,Halaman Harga
biaya langganan Cursor Pro,Informasional,Sedang,Halaman Harga
alternatif bayar ChatGPT tanpa kartu kredit,Informasional,Tinggi,Blog/Artikel
VCC untuk bayar AI tools,Informasional,Sedang,Blog/FAQ
cara beli credit Claude API,Informasional,Sedang,Blog/Artikel
cara top up OpenAI API,Informasional,Sedang,Blog/Artikel
beli ChatGPT Plus murah,Transaksional,Tinggi,Landing Page
order Claude Pro Indonesia,Transaksional,Tinggi,Landing Page
langganan Cursor Pro murah,Transaksional,Sedang,Landing Page
top up credit AI API,Transaksional,Tinggi,Landing Page API
upgrade ChatGPT Plus cepat,Transaksional,Sedang,Landing Page
jasa bayar AI Indonesia,Lokasi/Pembayaran,Tinggi,Homepage
pembayaran AI pakai transfer bank BCA,Lokasi/Pembayaran,Sedang,"FAQ, Blog"
bayar AI tools pakai GoPay,Lokasi/Pembayaran,Sedang,"FAQ, Blog"
jasa bayar AI pakai QRIS,Lokasi/Pembayaran,Sedang,"FAQ, Blog"
jasa bayar AI coding tools,AI Coding,Tinggi,Landing Page AI Coding
langganan AI asisten coding,AI Coding,Sedang,Blog/Artikel
bayar Cursor AI coding assistant,AI Coding,Tinggi,Landing Page Cursor
jasa pembayaran GitHub Copilot developer,AI Coding,Tinggi,Landing Page Copilot
jasa pembayaran Claude Code,AI Coding,Sedang,Landing Page Claude
jasa pembayaran Visa internasional,Kartu/Visa,Sedang,"Homepage, FAQ"
jasa bayar kartu kredit internasional,Kartu/Visa,Sedang,Homepage
VCC murah untuk AI tools,Kartu/Visa,Sedang,Blog/Artikel
jasa bayar Stripe Indonesia,Kartu/Visa,Sedang,Landing Page Stripe
